Job Title,Company Name,Location,Summary,Salary
Business Analyst,DISH,"Englewood, CO 80151","A successful Business Analyst will have the following:. The Business Analyst conducts business process analysis, needs assessments, and cost/benefit analysis in...",Not available
Business Analyst,Consumer Direct Care Network,"Missoula, MT","Consumer Direct Care Network is seeking a self-starting, people-oriented Business Analyst to work out of our corporate office located in Missoula, MT....",Not available
Business Application Systems Analyst and Support Specialist,Bobst North America Inc.,"Roseland, NJ 07068",Working with the business. The Business Application Systems Analyst and Support Specialist will be responsible for the ongoing support and the development life...,"$85,000 - $95,000 a year"
Business Analyst,Cabot Oil & Gas Corporation,"Pittsburgh, PA 15275",Business Analyst - ACTS Program Administrator. ESSENTIAL JOB FUNCTIONS:....,Not available
Business Analyst,"Markrof Systems, LLC","Pittsburgh, PA","The successful Business Analyst will take a leadership role in the enhancement, development, documentation, and communication related to a large business re...",Not available
Business Analyst,Heitmeyer Consulting,"Pittsburgh, PA 15212",Business Analyst Our client in the financial services industry is seeking an experienced BA. Requirements Ability to document current operational processes...,Not available
Senior Business Analyst (Consultant),Oceaneast Associates,"Washington, DC",3+ Years of experience as a Business Analyst on Federal Government projects. We are looking for a skilled Business Analyst to join us in delivering excellent...,Not available
Operations Analyst Intern (Spring and/or Summer 2018),Tesla,"Fremont, CA",(Operations Analyst Intern). Strong passion and curiosity for data and data driven decision making to solve business problems....,Not available
Business Analyst - Mid to Senior Level,Plus Consulting,"Carnegie, PA 15106",Business Analyst Mid to Senior Level. Work life balance - business casual environment. Excellent ability to resolve Software and Business process issues....,Not available
Business Analyst,UPMC,"Pittsburgh, PA 15219 (Middle Hill area)",UPMC Health Plan is hiring a full-time Business Analyst to help support the Payor Provider Department for its downtown Pittsburgh location at the US Steel Tower...,Not available
Business Analyst,Performance Softech Solutions Inc.,"El Paso, TX","Job Summary Business Analyst Needed, Healthcare experience helpful. Job Type: Contract Required experience: * Business Analysis: 4...",Not available
Business Analyst,CYMT,"Springfield, IL","Ability to research and identify technical solutions to business problems, an understanding of development methodologies, tools and techniques and the ability...",Not available
Business Analyst,Allegheny Health Network,"Pittsburgh, PA 15222 (Strip District area)","The Business Analyst analyzes processes to support business unit needs, conducts impact analyses and. Develops business solutions to satisfy project goals and...",Not available
Business Intelligence Analyst,Twitter,"San Francisco, CA 94103 (South Of Market area)","As a Business Intelligence Analyst, you will deliver key insights to help grow our business. Become the business analytics subject matter expert to internal and...",Not available
Business Consultant (IT or Business Processes),"Jack Henry and Associates, Inc.","Birmingham, AL",Business Analyst Background. The Business Consultant will work with our Jack Henry & Associates clients to help determine how jhaEnterprise Workflow can help...,Not available
IT Business Analyst,North River IT,"Bismarck, ND 58503","Remember we are a small business and most of our customers are small businesses, so you need to be able to use best business practices without breaking the bank...","$40,000 - $65,000 a year"
IT Business Analyst,North River IT,"Bismarck, ND 58503","Remember we are a small business and most of our customers are small businesses, so you need to be able to use best business practices without breaking the bank...","$40,000 - $65,000 a year"
Business Analyst,Consumer Direct Care Network,"Missoula, MT","Consumer Direct Care Network is seeking a self-starting, people-oriented Business Analyst to work out of our corporate office located in Missoula, MT....",Not available
Business Application Systems Analyst and Support Specialist,Bobst North America Inc.,"Roseland, NJ 07068",Working with the business. The Business Application Systems Analyst and Support Specialist will be responsible for the ongoing support and the development life...,"$85,000 - $95,000 a year"
Business Analyst,Cabot Oil & Gas Corporation,"Pittsburgh, PA 15275",Business Analyst - ACTS Program Administrator. ESSENTIAL JOB FUNCTIONS:....,Not available
Business Analyst,Computing Concepts Inc,"New York, NY",Business Requirement Document:. Financial firm is looking for a Business Analyst with experience in Brokerage or Wealth Management....,Not available
Senior Business Systems Analyst,Solugenix Corporation,"San Antonio, TX",Senior Business Systems Analyst. Senior Business Systems Analyst with Security experience. Business Systems Analyst with excellent communication skills and the...,Not available
Business Operations Analyst,Tesla,"San Mateo, CA",Be accountable for business adoption of system capabilities. A great Business Operations Analyst articulates the specific scope of a project to a wide variety...,Not available
Business Analyst,Tekshapers,"Austin, TX","Ability to gather, monitor and document business requirements. Assist in evaluating critical issues that occur in the existing systems, communicate with...",Not available
Business Analyst,HSBC,"New York, NY",Project Support jobs provide support to single or multiple projects and are located in project teams. They may take ownership of elements of single work...,Not available
Business Analyst,Allegheny Health Network,"Pittsburgh, PA 15222 (Strip District area)","The Business Analyst analyzes processes to support business unit needs, conducts impact analyses and. Develops business solutions to satisfy project goals and...",Not available
Business Analyst - IT,GLOBALFOUNDRIES,"Malta, NY","Business requirements documentation. GLOBALFOUNDRIES is hiring a Business Analyst to join the team in our Malta, NY location....",Not available
Business Analyst,Tekwissen-Group,"Tucson, AZ","Are you passionate about supporting critical business decision making by identifying business impacts, risks and opportunities through the use of data analysis...",Not available
Business Analyst,Yooota LLC,"Plano, TX",Looking for a Business Analyst with 8+ years of IT experience. $55.00 to $60.00 /hour....,Not available
Business Analyst,Motordigi,"Detroit, MI","As a Business Analyst, you will perform consulting engagements that help research, analyze, define, and communicate project requirements....",Not available
Business Consultant (IT or Business Processes),"Jack Henry and Associates, Inc.","Birmingham, AL",Business Analyst Background. The Business Consultant will work with our Jack Henry & Associates clients to help determine how jhaEnterprise Workflow can help...,Not available
Business Analyst,DISH,"Englewood, CO 80151","A successful Business Analyst will have the following:. The Business Analyst conducts business process analysis, needs assessments, and cost/benefit analysis in...",Not available
Business Analyst,Consumer Direct Care Network,"Missoula, MT","Consumer Direct Care Network is seeking a self-starting, people-oriented Business Analyst to work out of our corporate office located in Missoula, MT....",Not available
Business Consultant (IT or Business Processes),"Jack Henry and Associates, Inc.","Birmingham, AL",Business Analyst Background. The Business Consultant will work with our Jack Henry & Associates clients to help determine how jhaEnterprise Workflow can help...,Not available
Business Analyst,DISH,"Englewood, CO 80151","A successful Business Analyst will have the following:. The Business Analyst conducts business process analysis, needs assessments, and cost/benefit analysis in...",Not available
IT Business Analyst,Volvo Group,United States,We are looking for IT Business Analyst. As a IT Business Analyst in infrastructure you will interface mainly within Group IT and with our external partner....,Not available
Business Analyst,Rangam Consultants Inc.,"Greensburg, PA 15601",IT Business Analysis:. This position is accountable for providing general administrative and analytical support for NERC CIP compliance program implementation...,Not available
Senior Level Business Systems Analyst (Contract),Onit Management Consulting,"Lacey, WA",Senior Level Business Systems Analyst - Temporary Independent Contractor Role*. The Senior Business Analyst consultant will work with internal and external...,Not available
Business Analyst,Global Software Resources,"San Ramon, CA",We are looking for Documentum Business Analyst for long-term contract with our direct client in San Ramon CA....,Not available
Project Manager / Business Analyst,Pamten,"New York, NY",Project Manager / Business Analyst. Should have prior Business Analyst Exp. Job:....,Not available
Business Analyst,Apollo Professional Solutions,"Tucson, AZ",The expected duration of this contract position will be 12 months. The successful candidate must show demonstrated experience of taking initiative and...,Not available
Business Analyst,Anblicks LLC,"Madison, WI","The business analyst (BA) is responsible for facilitating the communication with IT staff and business customers to assist in the development, implementation...",Not available
Entry Level Business Analyst,Ecomglobaltek,"McKinney, TX","We will provide free online Training and Placement for Business Analyst positions*. Translate client’s business needs into detailed business requirements, use...",Not available
Business Systems Analyst or BSA – Senior,Elign Consulting,"Minneapolis, MN",Certified Business Analyst Professional (CBAP) and Masters Certificate in Business Analysis. Interacts closely with systems analysts and business leaders....,Not available
Business Process Analyst,ZOLL LifeVest,"Pittsburgh, PA","Business Process Analyst will be a key technical resource supporting business process and systems. Working with project stakeholders in all business areas, the...",Not available
Business Analyst,Cabot Oil & Gas Corporation,"Pittsburgh, PA 15275",Business Analyst - ACTS Program Administrator. ESSENTIAL JOB FUNCTIONS:....,Not available
Business Application Systems Analyst and Support Specialist,Bobst North America Inc.,"Roseland, NJ 07068",Working with the business. The Business Application Systems Analyst and Support Specialist will be responsible for the ongoing support and the development life...,"$85,000 - $95,000 a year"
IT Business Analyst,North River IT,"Bismarck, ND 58503","Remember we are a small business and most of our customers are small businesses, so you need to be able to use best business practices without breaking the bank...","$40,000 - $65,000 a year"
Business Analyst,Consumer Direct Care Network,"Missoula, MT","Consumer Direct Care Network is seeking a self-starting, people-oriented Business Analyst to work out of our corporate office located in Missoula, MT....",Not available
Business Application Systems Analyst and Support Specialist,Bobst North America Inc.,"Roseland, NJ 07068",Working with the business. The Business Application Systems Analyst and Support Specialist will be responsible for the ongoing support and the development life...,"$85,000 - $95,000 a year"
Business Analyst,DISH,"Englewood, CO 80151","A successful Business Analyst will have the following:. The Business Analyst conducts business process analysis, needs assessments, and cost/benefit analysis in...",Not available
Business Analyst,Anblicks LLC,"Madison, WI","The business analyst (BA) is responsible for facilitating the communication with IT staff and business customers to assist in the development, implementation...",Not available
Entry Level Business Analyst,Ecomglobaltek,"McKinney, TX","We will provide free online Training and Placement for Business Analyst positions*. Translate client’s business needs into detailed business requirements, use...",Not available
Business Systems Analyst or BSA – Senior,Elign Consulting,"Minneapolis, MN",Certified Business Analyst Professional (CBAP) and Masters Certificate in Business Analysis. Interacts closely with systems analysts and business leaders....,Not available
Business Analyst,Lewis Fowler,"Fort Worth, TX",The Business Analyst will play a pivotal role in ensuring IT’s understanding of business requirements. The Business Analyst will also be proactive about working...,Not available
Business Analyst,Zenaide Technologies,"San Jose, CA",We are looking for a Business Analyst with extensive experience is Business Analysis. General Business background....,Not available
Business Analyst,Landmark Technologies,"New York, NY","5-7 years of Business Analysis preferred, including developing business requirements, developing test plans, solving business problems and/or identifying...",Not available
Business Systems Analyst,Analyst Infotech Inc,"Boston, MA",Business Systems Analyst:. We have an urgent need for a Business Systems Analyst for a long term assignment in Boston MA....,Not available
Business Analyst,"Libera, Inc.","Albany, NY",Libera is seeking Business Analysts with 3+ years’ experience to work with on contracted assignments....,Not available
Business Analyst,CNSI,"Lansing, MI 48917",Ensure all business. Experience as a Business Analyst or Subject Matter Expert in Medicare or. MITA business process areas....,Not available
Business Analyst,Optime-Tech LLC,"Minneapolis, MN",Assists business and functional resources in the design of efficient business processes that fully leverage technical solutions being delivered or developed....,Not available
Business Analyst,Cabot Oil & Gas Corporation,"Pittsburgh, PA 15275",Business Analyst - ACTS Program Administrator. ESSENTIAL JOB FUNCTIONS:....,Not available
Business Consultant (IT or Business Processes),"Jack Henry and Associates, Inc.","Birmingham, AL",Business Analyst Background. The Business Consultant will work with our Jack Henry & Associates clients to help determine how jhaEnterprise Workflow can help...,Not available
IT Business Analyst,North River IT,"Bismarck, ND 58503","Remember we are a small business and most of our customers are small businesses, so you need to be able to use best business practices without breaking the bank...","$40,000 - $65,000 a year"
Business Analyst,Consumer Direct Care Network,"Missoula, MT","Consumer Direct Care Network is seeking a self-starting, people-oriented Business Analyst to work out of our corporate office located in Missoula, MT....",Not available
Business Systems Analyst,Teachers Credit Union,"South Bend, IN","Coordinate with internal staff and vendors to implement, maintain, support, and modify systems and processes. Primary Responsibilities & Duties Responsible...",Not available
IT Business Analyst,North River IT,"Bismarck, ND 58503","Remember we are a small business and most of our customers are small businesses, so you need to be able to use best business practices without breaking the bank...","$40,000 - $65,000 a year"
Business Analyst,Highmark Health,"Pittsburgh, PA 15222 (Strip District area)","The Business Analyst analyzes processes to support business unit needs, conducts impact analyses and interprets system requirements, and uses Project Management...",Not available
Business Analyst,Visa,"Ashburn, VA","Good knowledge of SAP Business Objects and Tableau. Must have Tableau, SAP Business Objects, and SQL experience....",Not available
Sr. Business Analyst,Olenick & Associates,"Chicago, IL 60606 (Loop area)",This position is responsible for functions on projects of moderate to high complexity by working with business partners within multiple business functions to...,Not available
Sr. Business Analyst,Shield Healthcare,"Santa Clarita, CA",Business Analyst for our Valencia Office. Career-minded individuals will find our business challenging and our reputation for excellence just one of the rewards...,Not available
Business Analyst,In Search Of Technology,"Indianapolis, IN","Understanding of business analysis principles, processes, and techniques. Develop and maintain understanding of customer workflows and business needs....",Not available
Business Analyst,"Triu Tek, Inc.","Sunnyvale, CA","Strategic thinking and business skills, with ability to understand key drivers that contribute to business success....",Not available
Business Analyst,Unified Technical,"Los Angeles, CA 90028",We are looking for a Business Analyst who will be the vital link between our information technology capacity and our business objectives by supporting and...,Not available
Senior Business Analyst,"Wavsys, LLC","Irvine, CA",The Business Analyst works primarily as part of a cross-func onal team to iden fy business needs and define poten al solu ons....,Not available
Business Analyst,Bank of America,"Addison, TX 75001",Business Analyst will translate business needs into technical requirements and ensure enhancements to our online application support the portfolio management...,Not available
Business analyst 2 – Analyst,Highbrow Business Solutions,"Columbus, OH",3-6 month assignment for BA2 to perform various duties in fast paced government business office:. Ability to collaborate with supporting resources across...,Not available
Business Systems Analyst,Futuris Automotive Inc.,"Newark, CA",Review existing business process. Business system trouble shoot (Feedback to the business with suggestion or escalate the error to the development team)....,Not available
Business Consultant (IT or Business Processes),"Jack Henry and Associates, Inc.","Birmingham, AL",Business Analyst Background. The Business Consultant will work with our Jack Henry & Associates clients to help determine how jhaEnterprise Workflow can help...,Not available
Business Analyst,DISH,"Englewood, CO 80151","A successful Business Analyst will have the following:. The Business Analyst conducts business process analysis, needs assessments, and cost/benefit analysis in...",Not available
Business Analyst,Consumer Direct Care Network,"Missoula, MT","Consumer Direct Care Network is seeking a self-starting, people-oriented Business Analyst to work out of our corporate office located in Missoula, MT....",Not available
Business Systems Analyst,Teachers Credit Union,"South Bend, IN","Coordinate with internal staff and vendors to implement, maintain, support, and modify systems and processes. Primary Responsibilities & Duties Responsible...",Not available
IT Business Analyst,North River IT,"Bismarck, ND 58503","Remember we are a small business and most of our customers are small businesses, so you need to be able to use best business practices without breaking the bank...","$40,000 - $65,000 a year"
HR Business Analyst Mid-level candidate,MatchPoint Solutions,"Englewood, CO",HR Business Analyst*. HR Business Analyst skilled in medium to complex projects. 6+ Months Contract*....,Not available
Entry Level Business Analyst,JobDiva,"New York, NY 10005 (Financial District area)","JobDiva is looking for a bright, enthusiastic candidate to join its Technical Team as an Entry Level Business Analyst....",Not available
IT Service Analyst / Entry Level,PPG Industries,"Pittsburgh, PA 15222 (Strip District area)",The Service Analyst will:. PPG’s Global Service Analyst Development program focuses on bringing recent graduates into our Global IT organization with the...,Not available
Healthcare Business Analyst - Remote,CEI,Remote,"Healthcare Business Analyst (Remote)*. Strong interpersonal, facilitation and leadership skills to lead business analysts by example and set guidelines for...",Not available
Business Analyst,Chandra Technologies Inc,"Madison, WI","Strong business analyst experience is a MUST. This includes a demonstrated full range of business analyst activities (requirements elicitation, analysis,...",Not available
Analyst-Business-Experienced (Project Analyst),Federal Reserve Bank of Richmond,"Richmond, VA","Lead and/or monitor activities and serves as the administrative point of contact to all areas impacted by projects, including business owners, systems...",Not available
Business Analyst,Western Digital,"San Jose, CA 95138 (Santa Teresa area)","Create Business Requirements Documents (BRD) by clearly translating business process needs. Identify, develop, and evaluate alternatives to meet business...",Not available
Business Operations Analyst,Amazon.com,"New York, NY",This position will be responsible for supporting rhythm of the business activities including business reviews and other cadenced reporting and metrics....,Not available
"Business Analyst, Prime Now",Amazon.com,"Seattle, WA","The Business Analyst will support the rapid growth of this initiative by developing business metrics, mining data to uncover consumer insights and business...",Not available
Business Analyst,Katalyst Healthcares & Life Sciences,"Tarrytown, NY 10591","Gathers client information to create clear, concise, and complete business requirements, specifications, business processes and suggests recommendations....",Not available
Business Systems Analyst,Futuris Automotive Inc.,"Newark, CA",Review existing business process. Business system trouble shoot (Feedback to the business with suggestion or escalate the error to the development team)....,Not available
Business Consultant (IT or Business Processes),"Jack Henry and Associates, Inc.","Birmingham, AL",Business Analyst Background. The Business Consultant will work with our Jack Henry & Associates clients to help determine how jhaEnterprise Workflow can help...,Not available
Business Analyst,DISH,"Englewood, CO 80151","A successful Business Analyst will have the following:. The Business Analyst conducts business process analysis, needs assessments, and cost/benefit analysis in...",Not available
Business Analyst,Consumer Direct Care Network,"Missoula, MT","Consumer Direct Care Network is seeking a self-starting, people-oriented Business Analyst to work out of our corporate office located in Missoula, MT....",Not available
Business Systems Analyst,Teachers Credit Union,"South Bend, IN","Coordinate with internal staff and vendors to implement, maintain, support, and modify systems and processes. Primary Responsibilities & Duties Responsible...",Not available
IT Business Analyst,North River IT,"Bismarck, ND 58503","Remember we are a small business and most of our customers are small businesses, so you need to be able to use best business practices without breaking the bank...","$40,000 - $65,000 a year"
Business Analyst,Western Digital,"San Jose, CA 95138 (Santa Teresa area)","Create Business Requirements Documents (BRD) by clearly translating business process needs. Identify, develop, and evaluate alternatives to meet business...",Not available
Business Operations Analyst,Amazon.com,"New York, NY",This position will be responsible for supporting rhythm of the business activities including business reviews and other cadenced reporting and metrics....,Not available
Business Analyst,Black Box Network Services,"Lawrence, PA","Perform Business Analyst role while conducting QA Testing. Collaborate with business, marketing and IT to develop requirements and create Business Requirement...",Not available
Business Systems Analyst,The ExOne Company,"North Huntingdon, PA",Business Systems Analyst Duties and Responsibilities. Plan and implement supportive business solutions. Master in business or related field preferred....,Not available
"Business Analyst, Prime Now",Amazon.com,"Seattle, WA","The Business Analyst will support the rapid growth of this initiative by developing business metrics, mining data to uncover consumer insights and business...",Not available
Business Analyst,Katalyst Healthcares & Life Sciences,"Tarrytown, NY 10591","Gathers client information to create clear, concise, and complete business requirements, specifications, business processes and suggests recommendations....",Not available
Business Data Analyst,Ryan Consulting Group,"Charlotte, NC","Experience with partner engagement and business requirements gathering. The Business/Data Analyst will be working on projects surrounding data integration,...",Not available
Sr Implementation Manager,"Ecteon, Inc.","Pittsburgh, PA",Can assume role(s) of lead consultant / project manager / engagement manager / business analyst. Sr Implementation Manager / Sr Solutions Consultant*....,Not available
Business Analyst I,Blue Cross Blue Shield of Michigan,"Detroit, MI","Develop, write, and communicate business requirements and functional specifications for the implementation of business solutions....",Not available
Business Analyst,Morgan Stanley,"New York, NY 10032 (Washington Heights area)","As a Business Analyst/Project Manager, you will be acting as a liaison between business clients and development team....",Not available
Business Systems Analyst,Futuris Automotive Inc.,"Newark, CA",Review existing business process. Business system trouble shoot (Feedback to the business with suggestion or escalate the error to the development team)....,Not available
Business Consultant (IT or Business Processes),"Jack Henry and Associates, Inc.","Birmingham, AL",Business Analyst Background. The Business Consultant will work with our Jack Henry & Associates clients to help determine how jhaEnterprise Workflow can help...,Not available
Business Analyst,DISH,"Englewood, CO 80151","A successful Business Analyst will have the following:. The Business Analyst conducts business process analysis, needs assessments, and cost/benefit analysis in...",Not available
Business Analyst,DISH,"Englewood, CO 80151","A successful Business Analyst will have the following:. The Business Analyst conducts business process analysis, needs assessments, and cost/benefit analysis in...",Not available
Business Systems Analyst,Teachers Credit Union,"South Bend, IN","Coordinate with internal staff and vendors to implement, maintain, support, and modify systems and processes. Primary Responsibilities & Duties Responsible...",Not available
Business Systems Analyst,Futuris Automotive Inc.,"Newark, CA",Review existing business process. Business system trouble shoot (Feedback to the business with suggestion or escalate the error to the development team)....,Not available
Business Systems Analyst,Paypal,"Timonium, MD","PayPal is currently hiring a Business Analyst Test Lead in our Timonium, MD office. This role will involve working closely with the Senior Staff Engineers,...",Not available
Business Analyst,Punchh,"Mountain View, CA","Engineering (Any), Business Administration, or any related field, + 2 years of experience in the job offered, Management Analyst, Manager, Consultant, Business...",Not available
Business Analyst,"KORE Resource, Inc.","Canonsburg, PA","Business Intelligence (BI) Analyst. Work closely with business and management teams to understand their data and reporting needs, to elicit and write business...",Not available
Business Analyst,National Oilwell Varco,"Houston, TX","Perform business process analysis, assist in maintaining existing business software systems, documentation, training and support of business software...",Not available
Business Systems Analyst,Middlesex County,"New Brunswick, NJ",Analyzes the business objectives of the stakeholder and develops solutions to their business issues. Middlesex County is seeking a Business Systems Analyst with...,Not available
Data Analyst I,UPMC,"Pittsburgh, PA 15232 (Shadyside area)","Bachelors degree in Computer Science, Business, or health science. Excellent communication and interpersonal skills necessary to work closely with investigators...",Not available
Business Systems Analyst,The ExOne Company,"North Huntingdon, PA",Business Systems Analyst Duties and Responsibilities. Plan and implement supportive business solutions. Master in business or related field preferred....,Not available
IAM Business Analyst (remote),"Regatta Solutions Group, Inc",Remote,"3-5 years of experience working as a Business Analyst, with a focus on identity access management and related technologies....",Not available
Business Analyst,Black Box Network Services,"Lawrence, PA","Perform Business Analyst role while conducting QA Testing. Collaborate with business, marketing and IT to develop requirements and create Business Requirement...",Not available
Analyst - Business (Marketing Campaign / Unica / SAS),GenZeon Corporation,"Woonsocket, RI","Strategic liaison with business owners (Product, Marketing, & Government) to support business objectives/timelines;...",Not available
Business Consultant (IT or Business Processes),"Jack Henry and Associates, Inc.","Birmingham, AL",Business Analyst Background. The Business Consultant will work with our Jack Henry & Associates clients to help determine how jhaEnterprise Workflow can help...,Not available
Business Analyst,Consumer Direct Care Network,"Missoula, MT","Consumer Direct Care Network is seeking a self-starting, people-oriented Business Analyst to work out of our corporate office located in Missoula, MT....",Not available
IT Business Analyst,North River IT,"Bismarck, ND 58503","Remember we are a small business and most of our customers are small businesses, so you need to be able to use best business practices without breaking the bank...","$40,000 - $65,000 a year"
Business Analyst,DISH,"Englewood, CO 80151","A successful Business Analyst will have the following:. The Business Analyst conducts business process analysis, needs assessments, and cost/benefit analysis in...",Not available
Business Consultant (IT or Business Processes),"Jack Henry and Associates, Inc.","Birmingham, AL",Business Analyst Background. The Business Consultant will work with our Jack Henry & Associates clients to help determine how jhaEnterprise Workflow can help...,Not available
Business Systems Analyst,Teachers Credit Union,"South Bend, IN","Coordinate with internal staff and vendors to implement, maintain, support, and modify systems and processes. Primary Responsibilities & Duties Responsible...",Not available
Business Systems Analyst,Futuris Automotive Inc.,"Newark, CA",Review existing business process. Business system trouble shoot (Feedback to the business with suggestion or escalate the error to the development team)....,Not available
Business Analyst (Contract),Linium,"Albany, NY 12205",Linium has an exciting opportunity for a skilled Business Analyst to join a fast- growing Capital Region-based business....,Not available
IAM Business Analyst (remote),"Regatta Solutions Group, Inc",Remote,"3-5 years of experience working as a Business Analyst, with a focus on identity access management and related technologies....",Not available
Entry Level Business Analyst - Campus Recruiting,CGI,"Pittsburgh, PA","Our Entry-Level Business Analysts typically have a demonstrated interest in technology and business, strong problem-solving abilities, and excellent...",Not available
Business Systems Analyst,Paypal,"Timonium, MD","PayPal is currently hiring a Business Analyst Test Lead in our Timonium, MD office. This role will involve working closely with the Senior Staff Engineers,...",Not available
Analyst - Business (Marketing Campaign / Unica / SAS),GenZeon Corporation,"Woonsocket, RI","Strategic liaison with business owners (Product, Marketing, & Government) to support business objectives/timelines;...",Not available
Analyst - Business (Marketing Campaign),GenZeon Corporation,"Woonsocket, RI","Strategic liaison with business owners (Product, Marketing, & Government) to support business objectives/timelines;...",Not available
Business Analyst,BNY Mellon,"New York, NY 10286 (Financial District area)",Business Analyst Requirements. Seven Necessary Business Analyst Skills. Testing software and designing business systems are also important technical business...,Not available
Business Process Analyst,Qualcomm,"San Diego, CA",Facilitate medium to large initiatives with internal and external partners Perform complex business analysis using enterprise business intelligence tools....,Not available
IT Business Systems Analyst II,"fme US, LLC","Minneapolis, MN","In this role the ideal candidate will analyze Regulatory systems’ business requirements, operational processes, and data relationships/configurations to sustain...",Not available
Business Analyst,Olenick & Associates,"Malvern, PA",You will be serving as the liaison between the business and software development teams in translating complex business needs into technology supported business...,Not available
Business Analyst,Consumer Direct Care Network,"Missoula, MT","Consumer Direct Care Network is seeking a self-starting, people-oriented Business Analyst to work out of our corporate office located in Missoula, MT....",Not available
IT Business Analyst,North River IT,"Bismarck, ND 58503","Remember we are a small business and most of our customers are small businesses, so you need to be able to use best business practices without breaking the bank...","$40,000 - $65,000 a year"
Business Analyst,DISH,"Englewood, CO 80151","A successful Business Analyst will have the following:. The Business Analyst conducts business process analysis, needs assessments, and cost/benefit analysis in...",Not available
Business Consultant (IT or Business Processes),"Jack Henry and Associates, Inc.","Birmingham, AL",Business Analyst Background. The Business Consultant will work with our Jack Henry & Associates clients to help determine how jhaEnterprise Workflow can help...,Not available
Business Systems Analyst,Teachers Credit Union,"South Bend, IN","Coordinate with internal staff and vendors to implement, maintain, support, and modify systems and processes. Primary Responsibilities & Duties Responsible...",Not available
Business Systems Analyst,Futuris Automotive Inc.,"Newark, CA",Review existing business process. Business system trouble shoot (Feedback to the business with suggestion or escalate the error to the development team)....,Not available
Business Analyst,McDonald's Corporate,"Chicago, IL",The Business Analyst (BA) will perform external market and competitive intelligence to identify strategic issues and recommend strategic opportunities....,Not available
Business Analyst,MRCC Solutions,"Boston, MA",Understand clients business requirements through an agile process. Solution the business problem by working closely with Data Component Factory team. Sr....,Not available
Business Systems Analyst,The Walt Disney Company (Corporate),"Glendale, CA",The Enterprise Business Systems team is currently looking for a Business Systems Analyst (BSA). The Business Systems analyst will identify and assess potential...,Not available
Business Process Analyst,JoCo,"Tulsa, OK","As a Business Process Analyst, you will partner with internal customers to develop solutions to customer issues and ensure accurate reporting and analysis....",Not available
Analyst-Business I,Sutter Health,"Sacramento, CA",The Business Analyst I is responsible for working directly with business unit personnel in defining and establishing business and end user requirements for...,Not available
Business Systems Analyst (Off-site/Remote),Spectrum Comm Inc,"Tysons, VA 22182","Business Systems Analyst (Off-site/Remote). The Business Systems Analyst will be an expert in business processes, responsible for formulating systems scope and...",Not available
Sr. Business Systems Analyst,Uber,"San Francisco, CA 94105 (Financial District area)","Keep up to date on all newest technologies, business systems, business analysis methodologies, and any other related tools that may benefit the business....",Not available
Sr. Business Analyst,Inter Sources Inc.,"San Jose, CA","Ability to quickly understand business complexities, deep dive new business. Business processes and user stories....",Not available
Business Analyst 1,Capgemini,"New York, NY","We are looking for Business Analyst at NYC, NY with one of our major clients. Collaboration across technology organization, providing sound business analysis,...",Not available
Business Analyst (NV),SolutionStream LLC.,"Reno, NV 89508 (North Valleys area)",ONE (1) BUSINESS ANALYST (BAN 1) - EXPERIENCE AND SKILLS REQUIRED – listed in order of importance. A minimum of five (5) years over the past seven (7) years...,Not available
Business Analyst,Consumer Direct Care Network,"Missoula, MT","Consumer Direct Care Network is seeking a self-starting, people-oriented Business Analyst to work out of our corporate office located in Missoula, MT....",Not available
IT Business Analyst,North River IT,"Bismarck, ND 58503","Remember we are a small business and most of our customers are small businesses, so you need to be able to use best business practices without breaking the bank...","$40,000 - $65,000 a year"
